word	F	Ao	Ez		
'	364	364	0		
li	243	243	0		
si	164	164	0		1503 tokens inexistants dans Ez
lo	139	139	0		
«	98	98	0		
est	89	89	0		
»	86	86	0		
ge	79	79	0		
se	72	72	0		
chevaliers	68	68	0		
mout	62	62	0		
por	61	61	0		
qu	60	60	0		
estre	48	48	0		
chevalier	46	46	0		
del	45	45	0		
n	45	45	0		
fu	44	44	0		
roi	44	44	0		
un	44	44	0		
d	43	43	0		
rois	43	43	0		
com	39	39	0		
		35	35	0	
?	33	33	0		
m	32	32	0		
avoit	31	31	0		
estoit	30	30	0		
sa	30	30	0		
deus	27	27	0		
vallez	27	27	0		
toz	26	26	0		
ja	25	25	0		
chevalerie	24	24	0		
autresin	23	23	0		
cil	23	23	0		
sont	23	23	0		
puet	22	22	0		
qant	22	22	0		
vallet	22	22	0		
totes	21	21	0		
une	21	21	0		
cuer	20	20	0		
ses	20	20	0		
avoir	19	19	0		
moi	19	19	0		
devant	18	18	0		
sor	18	18	0		
tot	18	18	0		
nule	17	17	0		
nus	17	17	0		
o	17	17	0		
onques	17	17	0		
Yvains	16	16	0		
c	15	15	0		
Dex	15	15	0		
Sainte	15	15	0		
tote	15	15	0		
avez	14	14	0		
fust	14	14	0		
messire	14	14	0		
reine	14	14	0		
sanz	14	14	0		
soit	14	14	0		
velt	14	14	0		
biax	13	13	0		
cort	13	13	0		
granz	13	13	0		
Li	13	13	0		
lor	13	13	0		
as	12	12	0		
assez	12	12	0		
cors	12	12	0		
Eglise	12	12	0		
jor	12	12	0		
monseignor	12	12	0		
ai	11	11	0		
desus	11	11	0		
genz	11	11	0		
mervoille	11	11	0		
tuit	11	11	0		
volentiers	11	11	0		
avis	10	10	0		
durement	10	10	0		
miauz	10	10	0		
sera	10	10	0		
tost	10	10	0		
uns	10	10	0		
aprés	9	9	0		
biauté	9	9	0		
cels	9	9	0		
cuers	9	9	0		
Lac	9	9	0		
pueple	9	9	0		
sai	9	9	0		
tex	9	9	0		
vostre	9	9	0		
Yvain	9	9	0		
Artu	8	8	0		
el	8	8	0		
espee	8	8	0		
estoient	8	8	0		
meesmes	8	8	0		
nul	8	8	0		
ostel	8	8	0		
parmi	8	8	0		
Qant	8	8	0		
rote	8	8	0		
sale	8	8	0		
vait	8	8	0		
aus	7	7	0		
avant	7	7	0		
cele	7	7	0		
cheval	7	7	0		
contes	7	7	0		
cuit	7	7	0		
Deu	7	7	0		
dist	7	7	0		
do	7	7	0		
doivent	7	7	0		
dui	7	7	0		
esté	7	7	0		
gel	7	7	0		
iauz	7	7	0		
iestes	7	7	0		
prant	7	7	0		
quoi	7	7	0		
senefie	7	7	0		
voil	7	7	0		
volez	7	7	0		
ançois	6	6	0		
anfant	6	6	0		
avocques	6	6	0		
biau	6	6	0		
chascuns	6	6	0		
choses	6	6	0		
ci	6	6	0		
Damedeu	6	6	0		
dons	6	6	0		
feste	6	6	0		
forest	6	6	0		
Ge	6	6	0		
mestier	6	6	0		
Ne	6	6	0		
nel	6	6	0		
Nostre	6	6	0		
paor	6	6	0		
parole	6	6	0		
porroit	6	6	0		
sachiez	6	6	0		
Seignor	6	6	0		
seroit	6	6	0		
sui	6	6	0		
teches	6	6	0		
tranchanz	6	6	0		
voloit	6	6	0		
ainz	5	5	0		
amor	5	5	0		
bel	5	5	0		
biaus	5	5	0		
celes	5	5	0		
Chamahalot	5	5	0		
dites	5	5	0		
domage	5	5	0		
Ele	5	5	0		
escuiers	5	5	0		
eüst	5	5	0		
Gauvains	5	5	0		
hardiz	5	5	0		
hom	5	5	0		
home	5	5	0		
joie	5	5	0		
jusqu	5	5	0		
nos	5	5	0		
planté	5	5	0		
preudome	5	5	0		
proesce	5	5	0		
Saint	5	5	0		
secors	5	5	0		
set	5	5	0		
siegle	5	5	0		
tronçons	5	5	0		
anor	4	4	0		
anz	4	4	0		
autresi	4	4	0		
aventures	4	4	0		
avroit	4	4	0		
avroiz	4	4	0		
baise	4	4	0		
blanche	4	4	0		
boennes	4	4	0		
ceste	4	4	0		
chevax	4	4	0		
commança	4	4	0		
cote	4	4	0		
dedanz	4	4	0		
destre	4	4	0		
devez	4	4	0		
diemenche	4	4	0		
encor	4	4	0		
Ensi	4	4	0		
esbahiz	4	4	0		
Escripture	4	4	0		
esgarde	4	4	0		
feïst	4	4	0		
fist	4	4	0		
foi	4	4	0		
foiz	4	4	0		
g	4	4	0		
haut	4	4	0		
hore	4	4	0		
laisse	4	4	0		
longuement	4	4	0		
Lyonel	4	4	0		
maisons	4	4	0		
maniere	4	4	0		
mervoilles	4	4	0		
messires	4	4	0		
neporqant	4	4	0		
outre	4	4	0		
po	4	4	0		
poïst	4	4	0		
pueples	4	4	0		
qe	4	4	0		
savez	4	4	0		
sel	4	4	0		
seroiz	4	4	0		
somiers	4	4	0		
talant	4	4	0		
!	3	3	0		
apartienent	3	3	0		
arrieres	3	3	0		
atandre	3	3	0		
atant	3	3	0		
avriez	3	3	0		
bele	3	3	0		
Biaus	3	3	0		
boche	3	3	0		
boenes	3	3	0		
boter	3	3	0		
ceianz	3	3	0		
cest	3	3	0		
chaceor	3	3	0		
Chevaliers	3	3	0		
chevauchier	3	3	0		
cist	3	3	0		
colee	3	3	0		
conte	3	3	0		
cortois	3	3	0		
delez	3	3	0		
desconseilliez	3	3	0		
desor	3	3	0		
desouz	3	3	0		
deviser	3	3	0		
devoit	3	3	0		
dirai	3	3	0		
dishuit	3	3	0		
Dites	3	3	0		
doi	3	3	0		
envers	3	3	0		
escu	3	3	0		
esgardez	3	3	0		
establiz	3	3	0		
faisoit	3	3	0		
faites	3	3	0		
faut	3	3	0		
gart	3	3	0		
glaive	3	3	0		
greignor	3	3	0		
hauberc	3	3	0		
hauz	3	3	0		
hiaume	3	3	0		
honiz	3	3	0		
issi	3	3	0		
Johan	3	3	0		
L	3	3	0		
Lanceloz	3	3	0		
litiere	3	3	0		
lox	3	3	0		
meïsmes	3	3	0		
mise	3	3	0		
Mout	3	3	0		
nez	3	3	0		
oï	3	3	0		
outreement	3	3	0		
palefroiz	3	3	0		
pense	3	3	0		
pitié	3	3	0		
poinz	3	3	0		
pot	3	3	0		
prandre	3	3	0		
preuz	3	3	0		
qex	3	3	0		
recevoir	3	3	0		
remanoir	3	3	0		
respont	3	3	0		
riche	3	3	0		
riches	3	3	0		
sages	3	3	0		
salue	3	3	0		
samit	3	3	0		
saut	3	3	0		
savroiz	3	3	0		
serjanz	3	3	0		
sire	3	3	0		
soiez	3	3	0		
tailliez	3	3	0		
tans	3	3	0		
teste	3	3	0		
truis	3	3	0		
valor	3	3	0		
veïssiez	3	3	0		
venist	3	3	0		
vert	3	3	0		
vespres	3	3	0		
vestu	3	3	0		
vestue	3	3	0		
vestuz	3	3	0		
vile	3	3	0		
voie	3	3	0		
vostres	3	3	0		
—	2	2	0		
48	2	2	0		
52	2	2	0		
achever	2	2	0		
aides	2	2	0		
aimanz	2	2	0		
alasse	2	2	0		
amender	2	2	0		
ancores	2	2	0		
andemain	2	2	0		
andui	2	2	0		
anfes	2	2	0		
anglesches	2	2	0		
anpreïst	2	2	0		
ansin	2	2	0		
aparcevoir	2	2	0		
apelee	2	2	0		
appareilliee	2	2	0		
appareilliez	2	2	0		
Aprés	2	2	0		
aproche	2	2	0		
arestez	2	2	0		
argent	2	2	0		
arsoir	2	2	0		
assise	2	2	0		
assoir	2	2	0		
atandoit	2	2	0		
atornee	2	2	0		
aumosnes	2	2	0		
avanture	2	2	0		
avecques	2	2	0		
aventure	2	2	0		
beneïe	2	2	0		
besoigne	2	2	0		
besoigneus	2	2	0		
Biax	2	2	0		
Bohorz	2	2	0		
bonté	2	2	0		
çaianz	2	2	0		
celi	2	2	0		
certes	2	2	0		
chanbre	2	2	0		
chanbres	2	2	0		
chaut	2	2	0		
chevauchié	2	2	0		
Cil	2	2	0		
coffres	2	2	0		
coisin	2	2	0		
come	2	2	0		
compaignon	2	2	0		
comun	2	2	0		
consirrer	2	2	0		
cop	2	2	0		
corre	2	2	0		
correciee	2	2	0		
corte	2	2	0		
costume	2	2	0		
covant	2	2	0		
covient	2	2	0		
cox	2	2	0		
Damoisele	2	2	0		
damoiselles	2	2	0		
debonaireté	2	2	0		
descenduz	2	2	0		
descent	2	2	0		
desfandre	2	2	0		
desleiaus	2	2	0		
desleiauté	2	2	0		
devise	2	2	0		
devisé	2	2	0		
devroit	2	2	0		
donee	2	2	0		
donees	2	2	0		
donques	2	2	0		
droiz	2	2	0		
ei	2	2	0		
eles	2	2	0		
enferrez	2	2	0		
enquerez	2	2	0		
Ensin	2	2	0		
entr	2	2	0		
erbe	2	2	0		
ersoir	2	2	0		
esgardast	2	2	0		
estopoient	2	2	0		
eüsse	2	2	0		
façoiz	2	2	0		
faisoie	2	2	0		
faisoient	2	2	0		
fames	2	2	0		
felenie	2	2	0		
fenestres	2	2	0		
ferai	2	2	0		
fil	2	2	0		
foiees	2	2	0		
folie	2	2	0		
forz	2	2	0		
freres	2	2	0		
garison	2	2	0		
gentils	2	2	0		
gist	2	2	0		
glaives	2	2	0		
gracieus	2	2	0		
haïne	2	2	0		
haute	2	2	0		
homes	2	2	0		
honoreement	2	2	0		
isnel	2	2	0		
itant	2	2	0		
jardin	2	2	0		
Jehan	2	2	0		
Jehanz	2	2	0		
jorz	2	2	0		
jugierres	2	2	0		
jusq	2	2	0		
laisserai	2	2	0		
laissier	2	2	0		
larges	2	2	0		
leiaus	2	2	0		
leu	2	2	0		
lieve	2	2	0		
liues	2	2	0		
loi	2	2	0		
loign	2	2	0		
Lyoniaus	2	2	0		
mainne	2	2	0		
mantel	2	2	0		
mantiaus	2	2	0		
mauvais	2	2	0		
mauvaisement	2	2	0		
mauvaitié	2	2	0		
mauveitié	2	2	0		
meillor	2	2	0		
meillors	2	2	0		
mena	2	2	0		
merciz	2	2	0		
merveilla	2	2	0		
mesaise	2	2	0		
mescreanz	2	2	0		
mesfaire	2	2	0		
messe	2	2	0		
Messire	2	2	0		
mesure	2	2	0		
mete	2	2	0		
mont	2	2	0		
mostra	2	2	0		
navré	2	2	0		
navrez	2	2	0		
neiant	2	2	0		
nes	2	2	0		
niés	2	2	0		
nois	2	2	0		
norreture	2	2	0		
novele	2	2	0		
O	2	2	0		
obeïr	2	2	0		
ocient	2	2	0		
ocirre	2	2	0		
ocis	2	2	0		
Oïl	2	2	0		
ore	2	2	0		
païs	2	2	0		
palefroi	2	2	0		
paors	2	2	0		
parlerent	2	2	0		
paroir	2	2	0		
parz	2	2	0		
passer	2	2	0		
perdue	2	2	0		
peresce	2	2	0		
pié	2	2	0		
place	2	2	0		
plaie	2	2	0		
plaies	2	2	0		
plain	2	2	0		
plaist	2	2	0		
plore	2	2	0		
poez	2	2	0		
poïssent	2	2	0		
pooir	2	2	0		
Por	2	2	0		
porchacier	2	2	0		
porrai	2	2	0		
porroiz	2	2	0		
prandra	2	2	0		
pri	2	2	0		
prochainnement	2	2	0		
prodomes	2	2	0		
proesces	2	2	0		
puissanz	2	2	0		
q	2	2	0		
qoi	2	2	0		
querre	2	2	0		
quit	2	2	0		
raisons	2	2	0		
recovrer	2	2	0		
requiert	2	2	0		
requis	2	2	0		
retorne	2	2	0		
riviere	2	2	0		
saillent	2	2	0		
sainz	2	2	0		
san	2	2	0		
saviez	2	2	0		
savoir	2	2	0		
savoit	2	2	0		
savons	2	2	0		
seiez	2	2	0		
selonc	2	2	0		
senestre	2	2	0		
seoir	2	2	0		
serai	2	2	0		
sergenz	2	2	0		
servir	2	2	0		
seul	2	2	0		
seürement	2	2	0		
siet	2	2	0		
sist	2	2	0		
soffrir	2	2	0		
sospire	2	2	0		
tele	2	2	0		
traire	2	2	0		
traist	2	2	0		
tranchant	2	2	0		
troi	2	2	0		
trossé	2	2	0		
trueve	2	2	0		
venchiez	2	2	0		
verais	2	2	0		
veü	2	2	0		
veüe	2	2	0		
vienent	2	2	0		
viguereus	2	2	0		
vilenie	2	2	0		
vivre	2	2	0		
volenté	2	2	0		
volentez	2	2	0		
[un]	1	1	0		
abandonez	1	1	0		
abat	1	1	0		
acesmer	1	1	0		
achevees	1	1	0		
acoillent	1	1	0		
acoler	1	1	0		
acomplisse	1	1	0		
acorde	1	1	0		
acroistre	1	1	0		
adanz	1	1	0		
aert	1	1	0		
affichiez	1	1	0		
aguz	1	1	0		
Aiant	1	1	0		
aidier	1	1	0		
aille	1	1	0		
aillissiez	1	1	0		
aillors	1	1	0		
aimant	1	1	0		
aimenz	1	1	0		
aimme	1	1	0		
ain	1	1	0		
ainsinc	1	1	0		
alast	1	1	0		
aleüre	1	1	0		
Alez	1	1	0		
alissiez	1	1	0		
aloient	1	1	0		
am	1	1	0		
amainnne	1	1	0		
amander	1	1	0		
ambleüre	1	1	0		
amené	1	1	0		
amenez	1	1	0		
ameront	1	1	0		
amez	1	1	0		
amoit	1	1	0		
amors	1	1	0		
anbarniz	1	1	0		
anbedeus	1	1	0		
anchantemanz	1	1	0		
anchargier	1	1	0		
ancor	1	1	0		
anelet	1	1	0		
anemi	1	1	0		
anfanz	1	1	0		
anmi	1	1	0		
anprandre	1	1	0		
anprandront	1	1	0		
anpreigne	1	1	0		
anprenez	1	1	0		
anquerre	1	1	0		
ansanble	1	1	0		
anseigne	1	1	0		
anseignerai	1	1	0		
anseignes	1	1	0		
antandement	1	1	0		
antant	1	1	0		
antre	1	1	0		
antree	1	1	0		
antreronpent	1	1	0		
anui	1	1	0		
aorse	1	1	0		
aost	1	1	0		
aparçoit	1	1	0		
aparçoive	1	1	0		
apareillié	1	1	0		
apartient	1	1	0		
apele	1	1	0		
apelé	1	1	0		
apoiee	1	1	0		
aporte	1	1	0		
appareillerai	1	1	0		
appareillié	1	1	0		
aprant	1	1	0		
Apres	1	1	0		
aprestez	1	1	0		
aprime	1	1	0		
apris	1	1	0		
aprocha	1	1	0		
archeia	1	1	0		
archiee	1	1	0		
archoier	1	1	0		
arçons	1	1	0		
Arés	1	1	0		
areste	1	1	0		
arester	1	1	0		
Arimathie	1	1	0		
arivé	1	1	0		
armé	1	1	0		
aseoir	1	1	0		
asez	1	1	0		
asiet	1	1	0		
asoir	1	1	0		
assaillie	1	1	0		
assemblement	1	1	0		
assenbloit	1	1	0		
asseoir	1	1	0		
asseüra	1	1	0		
asseürer	1	1	0		
Assez	1	1	0		
assoffrir	1	1	0		
ataindre	1	1	0		
ataint	1	1	0		
atendoit	1	1	0		
atorna	1	1	0		
atorné	1	1	0		
atorner	1	1	0		
atoz	1	1	0		
Autice	1	1	0		
autresins	1	1	0		
autretant	1	1	0		
avandra	1	1	0		
Avecques	1	1	0		
aveigne	1	1	0		
avenement	1	1	0		
avenir	1	1	0		
avers	1	1	0		
avironee	1	1	0		
avoie	1	1	0		
avra	1	1	0		
avroie	1	1	0		
baate	1	1	0		
bades	1	1	0		
baer	1	1	0		
baez	1	1	0		
baiez	1	1	0		
baillie	1	1	0		
bailliez	1	1	0		
baisier	1	1	0		
bandé	1	1	0		
Beduiers	1	1	0		
beles	1	1	0		
besoig	1	1	0		
besoignz	1	1	0		
besoing	1	1	0		
besoinz	1	1	0		
biautez	1	1	0		
biauz	1	1	0		
blanchet	1	1	0		
blasme	1	1	0		
blasmer	1	1	0		
bocle	1	1	0		
boens	1	1	0		
Bohort	1	1	0		
boiche	1	1	0		
boteilliers	1	1	0		
Bretaigne	1	1	0		
breton	1	1	0		
ça	1	1	0		
Camaaloht	1	1	0		
ceinte	1	1	0		
cel	1	1	0		
cendé	1	1	0		
cers	1	1	0		
cesti	1	1	0		
cestui	1	1	0		
chaçoient	1	1	0		
chalor	1	1	0		
chambres	1	1	0		
chasne	1	1	0		
chastel	1	1	0		
chauces	1	1	0		
chauz	1	1	0		
chepelet	1	1	0		
chevaucha	1	1	0		
chevauchent	1	1	0		
chevauchierent	1	1	0		
chier	1	1	0		
choisist	1	1	0		
clamé	1	1	0		
Claudas	1	1	0		
clergiez	1	1	0		
close	1	1	0		
clox	1	1	0		
cointes	1	1	0		
coisins	1	1	0		
color	1	1	0		
Com	1	1	0		
comandastes	1	1	0		
comandes	1	1	0		
combatu	1	1	0		
Coment	1	1	0		
commant	1	1	0		
compaigne	1	1	0		
companie	1	1	0		
con	1	1	0		
conceüz	1	1	0		
conestables	1	1	0		
confondre	1	1	0		
confort	1	1	0		
congié	1	1	0		
conjure	1	1	0		
conoist	1	1	0		
conoistre	1	1	0		
conpaignie	1	1	0		
conpaignons	1	1	0		
conree	1	1	0		
conseille	1	1	0		
contendra	1	1	0		
contenir	1	1	0		
contratandant	1	1	0		
contredeïst	1	1	0		
convoie	1	1	0		
corage	1	1	0		
corpable	1	1	0		
correcié	1	1	0		
correcier	1	1	0		
correciez	1	1	0		
corroit	1	1	0		
corssuz	1	1	0		
corsuz	1	1	0		
cortoisie	1	1	0		
costerai	1	1	0		
costoit	1	1	0		
couchast	1	1	0		
covandra	1	1	0		
coveitise	1	1	0		
covendra	1	1	0		
covertement	1	1	0		
coverz	1	1	0		
covienent	1	1	0		
covine	1	1	0		
covint	1	1	0		
creanta	1	1	0		
creante	1	1	0		
creüz	1	1	0		
Criator	1	1	0		
crie	1	1	0		
crienbroie	1	1	0		
Crist	1	1	0		
Criz	1	1	0		
croistre	1	1	0		
Croiz	1	1	0		
cruieus	1	1	0		
cuidier	1	1	0		
cuidoie	1	1	0		
D	1	1	0		
Damedé	1	1	0		
Damedex	1	1	0		
damoisele	1	1	0		
damoiseles	1	1	0		
danpne	1	1	0		
dans	1	1	0		
danz	1	1	0		
darreainne	1	1	0		
David	1	1	0		
deboenneires	1	1	0		
debonaires	1	1	0		
decolpez	1	1	0		
deffandu	1	1	0		
degrez	1	1	0		
deguerpir	1	1	0		
deïsse	1	1	0		
delai	1	1	0		
delaier	1	1	0		ici
delaieroiz	1	1	0		
delaoit	1	1	0		
delivre	1	1	0		
demanderiez	1	1	0		
demorer	1	1	0		
demorra	1	1	0		
depeceor	1	1	0		
depiecent	1	1	0		
derrieres	1	1	0		
descendirent	1	1	0		
descendoit	1	1	0		
desconseilliees	1	1	0		
descuevre	1	1	0		
desesperez	1	1	0		
desfandeors	1	1	0		
desfanderres	1	1	0		
desfandu	1	1	0		
desfandue	1	1	0		
desfanse	1	1	0		
desfense	1	1	0		
desferrer	1	1	0		
desferrera	1	1	0		
desferrez	1	1	0		
desgarniz	1	1	0		
desmesure	1	1	0		
despendié	1	1	0		
despiseor	1	1	0		
dessirrez	1	1	0		
destornoit	1	1	0		ici
Desus	1	1	0		
detenoit	1	1	0		
devenist	1	1	0		
deviez	1	1	0		
devisees	1	1	0		
deviserai	1	1	0		
devisez	1	1	0		
devisier	1	1	0		
devision	1	1	0		
devoient	1	1	0		
di	1	1	0		
diemanche	1	1	0		
digneté	1	1	0		
dioiz	1	1	0		
dismes	1	1	0		
disoient	1	1	0		
dobles	1	1	0		
dolors	1	1	0		
dolz	1	1	0		
dom	1	1	0		
domages	1	1	0		
doné	1	1	0		
Dont	1	1	0		
dosor	1	1	0		
dotance	1	1	0		
doter	1	1	0		
doteroit	1	1	0		
doucement	1	1	0		
douz	1	1	0		
droites	1	1	0		
duel	1	1	0		
durs	1	1	0		
dut	1	1	0		
efforce	1	1	0		
Eglyse	1	1	0		
eise	1	1	0		
eive	1	1	0		
els	1	1	0		
em	1	1	0		
emploiee	1	1	0		
ençois	1	1	0		
encon	1	1	0		
encontra	1	1	0		
enflez	1	1	0		
enforcier	1	1	0		
enmi	1	1	0		
enpirent	1	1	0		
enpoint	1	1	0		
enprendre	1	1	0		
enseignié	1	1	0		
enseignier	1	1	0		
enseigniez	1	1	0		
ensin	1	1	0		
entailliee	1	1	0		
entor	1	1	0		
entremete	1	1	0		
entrent	1	1	0		
enveia	1	1	0		
envie	1	1	0		
environ	1	1	0		
envoier	1	1	0		
eroiz	1	1	0		
errer	1	1	0		
ert	1	1	0		
es	1	1	0		
esbahie	1	1	0		
eschever	1	1	0		
escondire	1	1	0		
escondiroie	1	1	0		
escuier	1	1	0		
escuz	1	1	0		
esgardoient	1	1	0		
esgardoiz	1	1	0		
esgart	1	1	0		
eslection	1	1	0		
eslut	1	1	0		
esmeré	1	1	0		
esmerez	1	1	0		
espandue	1	1	0		
espant	1	1	0		
Espee	1	1	0		
esperitelment	1	1	0		
espoanter	1	1	0		
espooir	1	1	0		
esprové	1	1	0		
essaiee	1	1	0		
essaucier	1	1	0		
essoigne	1	1	0		
essuie	1	1	0		
establer	1	1	0		
establi	1	1	0		
establies	1	1	0		
establirent	1	1	0		
este	1	1	0		
ester	1	1	0		
estez	1	1	0		
estiez	1	1	0		
estoquant	1	1	0		
estraiz	1	1	0		
Estrangot	1	1	0		
estrier	1	1	0		
esveillast	1	1	0		
esveillié	1	1	0		
eüe	1	1	0		
eust	1	1	0		
eüstes	1	1	0		
Evangile	1	1	0		
f	1	1	0		
façons	1	1	0		
faisant	1	1	0		
faissel	1	1	0		
faissiaus	1	1	0		
faite	1	1	0		
fait-il	1	1	0		
fame	1	1	0		
faz	1	1	0		
felonesses	1	1	0		
feroie	1	1	0		
feroit	1	1	0		
feroiz	1	1	0		
ferue	1	1	0		
fiers	1	1	0		
fiert	1	1	0		
Filistiens	1	1	0		
fiz	1	1	0		
flichie	1	1	0		
Floudehueg	1	1	0		
foible	1	1	0		
foiee	1	1	0		
fole	1	1	0		
fontaine	1	1	0		
forree	1	1	0		
forrez	1	1	0		
fox	1	1	0		
frains	1	1	0		
fuerres	1	1	0		
fuie	1	1	0		
fuiez	1	1	0		
fuioient	1	1	0		
fusse	1	1	0		
fussient	1	1	0		
fussiez	1	1	0		
fustes	1	1	0		
fuz	1	1	0		
gaite	1	1	0		
Galahaz	1	1	0		
Gales	1	1	0		
Galesche	1	1	0		
galoz	1	1	0		
garantisse	1	1	0		
garantissierres	1	1	0		
garantist	1	1	0		
garantiz	1	1	0		
garanz	1	1	0		
garçons	1	1	0		
garder	1	1	0		
gas	1	1	0		
Gasoains	1	1	0		
Gaule	1	1	0		
Gauvain	1	1	0		
gent	1	1	0		
gentillece	1	1	0		
germain	1	1	0		
giete	1	1	0		
gisant	1	1	0		
gisiez	1	1	0		
gisoit	1	1	0		
gitee	1	1	0		
Golorre	1	1	0		
graisse	1	1	0		
grandor	1	1	0		
Grant	1	1	0		
Granz	1	1	0		
granzdismes	1	1	0		
Gravadain	1	1	0		
grever	1	1	0		
grevera	1	1	0		
greveus	1	1	0		
greveuse	1	1	0		
Gros	1	1	0		
grosse	1	1	0		
guerredom	1	1	0		
guinple	1	1	0		
haïr	1	1	0		
hardement	1	1	0		
haster	1	1	0		
hastez	1	1	0		
hauberz	1	1	0		
hautes	1	1	0		
Helais	1	1	0		
herbergiez	1	1	0		
hernois	1	1	0		
het	1	1	0		
hiaumes	1	1	0		
honor	1	1	0		
honoree	1	1	0		
honteusse	1	1	0		
honteussement	1	1	0		
hores	1	1	0		
Hosselice	1	1	0		
huevres	1	1	0		
huis	1	1	0		
ici	1	1	0		
iert	1	1	0		
illuec	1	1	0		
iluec	1	1	0		
ira	1	1	0		
irai	1	1	0		
Ircamiens	1	1	0		
iroie	1	1	0		
iroiz	1	1	0		
isniaus	1	1	0		
Israel	1	1	0		
issir	1	1	0		
issirent	1	1	0		
issue	1	1	0		
ist	1	1	0		
it	1	1	0		
itex	1	1	0		
ivoire	1	1	0		
j	1	1	0		
Jhesu	1	1	0		
Jhesus	1	1	0		
joignoit	1	1	0		
joinchiee	1	1	0		
Joseph	1	1	0		
Judas	1	1	0		
juesdi	1	1	0		
jurt	1	1	0		
jus	1	1	0		
jusque	1	1	0		
jusques	1	1	0		
jut	1	1	0		
Kex	1	1	0		
laidamgiee	1	1	0		
lairoiz	1	1	0		
laisseroiz	1	1	0		
laissiees	1	1	0		
laissiez	1	1	0		
lait	1	1	0		
Lanbegues	1	1	0		
larrons	1	1	0		
Lawenor	1	1	0		
legierement	1	1	0		
leial	1	1	0		
leiaute	1	1	0		
lermes	1	1	0		
lerres	1	1	0		
Les	1	1	0		
leus	1	1	0		
leva	1	1	0		
lez	1	1	0		
liez	1	1	0		
lignages	1	1	0		
Listenois	1	1	0		
lit	1	1	0		
Lo	1	1	0		
lons	1	1	0		
lou	1	1	0		
Lucanz	1	1	0		
Macabrez	1	1	0		
maintenant	1	1	0		
maintes	1	1	0		
maintiens	1	1	0		
maintindrent	1	1	0		
mainz	1	1	0		
maisniee	1	1	0		
maistre	1	1	0		
malades	1	1	0		
manbres	1	1	0		
mande	1	1	0		
manuscrit	1	1	0		
mardis	1	1	0		
matinee	1	1	0		
matinet	1	1	0		
mausfaisanz	1	1	0		
maxfaisierres	1	1	0		
maxfaissanz	1	1	0		
maxfaitors	1	1	0		
meismes	1	1	0		
menbres	1	1	0		
mentir	1	1	0		
menues	1	1	0		
mervoile	1	1	0		
mescreant	1	1	0		
Messires	1	1	0		
metez	1	1	0		
metrai	1	1	0		
mi	1	1	0		
misericorde	1	1	0		
mises	1	1	0		
mois	1	1	0		
moitié	1	1	0		
mole	1	1	0		
molt	1	1	0		
montast	1	1	0		
monterent	1	1	0		
mortel	1	1	0		
mosirer	1	1	0		
mostrez	1	1	0		
movrai	1	1	0		
movrons	1	1	0		
muet	1	1	0		
muevent	1	1	0		
mut	1	1	0		
naie	1	1	0		
naist	1	1	0		
nasquié	1	1	0		
negiee	1	1	0		
neianz	1	1	0		
nelui	1	1	0		
Nenil	1	1	0		
Neporqant	1	1	0		
neporquant	1	1	0		
nomez	1	1	0		
nons	1	1	0		
norri	1	1	0		
norrissoit	1	1	0		
nostre	1	1	0		
novelle	1	1	0		
noviau	1	1	0		
ocianz	1	1	0		
ocist	1	1	0		
Oëz	1	1	0		
oiance	1	1	0		
oïe	1	1	0		
oïes	1	1	0		
oiez	1	1	0		
Oil	1	1	0		
oïl	1	1	0		
oïr	1	1	0		
oïrent	1	1	0		
ome	1	1	0		
omes	1	1	0		
ooit	1	1	0		
orandroit	1	1	0		
ordres	1	1	0		
oreisons	1	1	0		
orent	1	1	0		
orferines	1	1	0		
osast	1	1	0		
ose	1	1	0		
osent	1	1	0		
oserai	1	1	0		
oseriez	1	1	0		
oseroie	1	1	0		
osez	1	1	0		
osse	1	1	0		
otroie	1	1	0		
Ou	1	1	0		
outrage	1	1	0		
outraiges	1	1	0		
ovre	1	1	0		
ovrer	1	1	0		
paines	1	1	0		
painne	1	1	0		
pains	1	1	0		
paisibles	1	1	0		
pant	1	1	0		
paranz	1	1	0		
parer	1	1	0		
paresce	1	1	0		
parjurez	1	1	0		
parjurs	1	1	0		
parlant	1	1	0		
parlé	1	1	0		
parlerai	1	1	0		
parleüre	1	1	0		
paroil	1	1	0		
parties	1	1	0		
passion	1	1	0		
paveillon	1	1	0		
pechié	1	1	0		
pechiez	1	1	0		
peitraus	1	1	0		
pendue	1	1	0		
penne	1	1	0		
pensive	1	1	0		
pensoit	1	1	0		
Pentecoste	1	1	0		
peor	1	1	0		
perdissiez	1	1	0		
perduz	1	1	0		
peres	1	1	0		
perilleusses	1	1	0		
Perles	1	1	0		
pesanz	1	1	0		
piteus	1	1	0		
piteuses	1	1	0		
plaine	1	1	0		
plaisanz	1	1	0		
ploiant	1	1	0		
ploiz	1	1	0		
plorer	1	1	0		
ploroie	1	1	0		
pluseurs	1	1	0		
poine	1	1	0		
poines	1	1	0		
poisse	1	1	0		
polissement	1	1	0		
pooirs	1	1	0		
porchaçasse	1	1	0		
porchace	1	1	0		
porchacerai	1	1	0		
porent	1	1	0		
porqis	1	1	0		
porra	1	1	0		
Porte	1	1	0		
portoient	1	1	0		
porveance	1	1	0		
povre	1	1	0		
prandroit	1	1	0		
prannent	1	1	0		
prelz	1	1	0		
premier	1	1	0		
presse	1	1	0		
prest	1	1	0		
prisast	1	1	0		
prise	1	1	0		
prisoit	1	1	0		
prochainement	1	1	0		
prodome	1	1	0		
proieres	1	1	0		
proudome	1	1	0		
proz	1	1	0		
prozdom	1	1	0		
puent	1	1	0		
puise	1	1	0		
puissance	1	1	0		
puoient	1	1	0		
Q	1	1	0		
qancque	1	1	0		
qarante	1	1	0		
qel	1	1	0		
qi	1	1	0		
queïst	1	1	0		
Quel	1	1	0		
quele	1	1	0		
querant	1	1	0		
quex	1	1	0		
quidez	1	1	0		
quis	1	1	0		
Quoi	1	1	0		
rabaissa	1	1	0		
rasiet	1	1	0		
receint	1	1	0		
reçoit	1	1	0		
reçoive	1	1	0		
redemande	1	1	0		
refuseroit	1	1	0		
refussez	1	1	0		
remanbrance	1	1	0		
remandra	1	1	0		
remex	1	1	0		
renges	1	1	0		
reoilliee	1	1	0		
repairier	1	1	0		
repost	1	1	0		
reprandre	1	1	0		
reqeste	1	1	0		
requeroiz	1	1	0		
rescrieve	1	1	0		
resortir	1	1	0		
retandrei	1	1	0		
retenir	1	1	0		
retorna	1	1	0		
revenchier	1	1	0		
revenir	1	1	0		
revint	1	1	0		
robeor	1	1	0		
robeors	1	1	0		
roges	1	1	0		
roides	1	1	0		
Rois	1	1	0		
roncin	1	1	0		
roncins	1	1	0		
route	1	1	0		
rue	1	1	0		
S	1	1	0		
sache	1	1	0		
sachent	1	1	0		
sachier	1	1	0		
sage	1	1	0		
Sainz	1	1	0		
saison	1	1	0		
saluee	1	1	0		
sambloit	1	1	0		
samedi	1	1	0		
sanblant	1	1	0		
sanble	1	1	0		
sanbue	1	1	0		
sanc	1	1	0		
sanglot	1	1	0		
sant	1	1	0		
santé	1	1	0		
santier	1	1	0		
santir	1	1	0		
sarré	1	1	0		
saüst	1	1	0		
sauverres	1	1	0		
savroie	1	1	0		
savroit	1	1	0		
secorre	1	1	0		
secorroiz	1	1	0		
sejornoit	1	1	0		
sele	1	1	0		
semaines	1	1	0		
semainne	1	1	0		
senble	1	1	0		
senefiance	1	1	0		
senefience	1	1	0		
senefient	1	1	0		
seneschax	1	1	0		
senez	1	1	0		
seoient	1	1	0		
sepulcre	1	1	0		
serrez	1	1	0		
servie	1	1	0		
servisse	1	1	0		
servoit	1	1	0		
seü	1	1	0		
seulement	1	1	0		
seüssiez	1	1	0		
sieent	1	1	0		
sient	1	1	0		
sinplement	1	1	0		
sires	1	1	0		
Sires	1	1	0		
smout	1	1	0		
soe	1	1	0		
soef	1	1	0		
soes	1	1	0		
soffraiteus	1	1	0		
soffrist	1	1	0		
soi	1	1	0		
soient	1	1	0		
som	1	1	0		
sorargenté	1	1	0		
sorplus	1	1	0		
sort	1	1	0		
sospece	1	1	0		
sospeçoit	1	1	0		
sospirant	1	1	0		
sossfrir	1	1	0		
sostenir	1	1	0		
soutiment	1	1	0		
soveigne	1	1	0		
subjection	1	1	0		
sueffre	1	1	0		
suivent	1	1	0		
sus	1	1	0		
Symons	1	1	0		
taillié	1	1	0		
tainte	1	1	0		
talanz	1	1	0		
tanrement	1	1	0		
tantes	1	1	0		
tarde	1	1	0		
tarqais	1	1	0		
tarquais	1	1	0		
te	1	1	0		
teles	1	1	0		
terrienement	1	1	0		
terriennes	1	1	0		
tesmoig	1	1	0		
tesmoigne	1	1	0		
tesmoinz	1	1	0		
Tex	1	1	0		
tierce	1	1	0		
tierz	1	1	0		
Tohorz	1	1	0		
toi	1	1	0		
tolent	1	1	0		
toloit	1	1	0		
torna	1	1	0		
torne	1	1	0		
tornee	1	1	0		
torner	1	1	0		
torz	1	1	0		
Totes	1	1	0		
totevoie	1	1	0		
toudroit	1	1	0		
tozjorz	1	1	0		
trainanz	1	1	0		
traïson	1	1	0		
traissist	1	1	0		
traiz	1	1	0		
tranblast	1	1	0		
tranchai	1	1	0		
tranche	1	1	0		
travail	1	1	0		
tre	1	1	0		
trente	1	1	0		
trespansez	1	1	0		
trespasse	1	1	0		
trespassoiz	1	1	0		
tressaut	1	1	0		
trestoute	1	1	0		
trestoz	1	1	0		
trestuit	1	1	0		
trova	1	1	0		
trové	1	1	0		
trovees	1	1	0		
trovoit	1	1	0		
truisse	1	1	0		
Tuit	1	1	0		
umaine	1	1	0		
unes	1	1	0		
Urien	1	1	0		
vaig	1	1	0		
vaign	1	1	0		
vaillant	1	1	0		
vaillanz	1	1	0		
vaintre	1	1	0		
valoient	1	1	0		
valors	1	1	0		
vanchera	1	1	0		
vandra	1	1	0		
vandroit	1	1	0		
vanjance	1	1	0		
vassax	1	1	0		
vaudroit	1	1	0		
Vaus	1	1	0		
veez	1	1	0		
veigne	1	1	0		
venche	1	1	0		
vencherai	1	1	0		
vencheroiz	1	1	0		
vendrons	1	1	0		
venites	1	1	0		
venoit	1	1	0		
venuz	1	1	0		
veraie	1	1	0		
veraies	1	1	0		
verité	1	1	0		
verroiz	1	1	0		
vestir	1	1	0		
vet	1	1	0		
veüz	1	1	0		
veves	1	1	0		
vi	1	1	0		
viaut	1	1	0		
Vierge	1	1	0		
vilenies	1	1	0		
vis	1	1	0		
vistece	1	1	0		
vivant	1	1	0		
vivoit	1	1	0		
voel	1	1	0		
voille	1	1	0		
voisin	1	1	0		
volantiers	1	1	0		
voliez	1	1	0		
voloir	1	1	0		
voudra	1	1	0		
voudroit	1	1	0		
voudront	1	1	0		
vuiz	1	1	0		
ymages	1	1	0		
vos	157	156	1		
l	99	98	1		
an	73	72	1		
ele	69	68	1		
ot	15	14	1		
chose	12	11	1		
metre	8	7	1		
raison	8	7	1		
amis	7	6	1		
hors	7	6	1		
Or	7	6	1		
bois	6	5	1		
fers	6	5	1		
maison	6	5	1		
ordre	6	5	1		
cointement	5	4	1		
fin	5	4	1		
or	5	4	1		
partir	5	4	1		
pres	5	4	1		
vertuz	5	4	1		
alez	4	3	1		
baille	4	3	1		
cui	4	3	1		
dient	4	3	1		
petit	4	3	1		
Tant	4	3	1		
Voire	4	3	1		
ame	3	2	1		
amena	3	2	1		
amont	3	2	1		
bons	3	2	1		
commande	3	2	1		
compaignons	3	2	1		
conquerre	3	2	1		
desarmez	3	2	1		
droite	3	2	1		
entree	3	2	1		
ermines	3	2	1		
hardi	3	2	1		
maint	3	2	1		
maintenir	3	2	1		
noif	3	2	1		
nuire	3	2	1		
obedience	3	2	1		
paroit	3	2	1		
premierement	3	2	1		
preu	3	2	1		
pris	3	2	1		
puisse	3	2	1		
riens	3	2	1		
tenir	3	2	1		
tres	3	2	1		
vindrent	3	2	1		
virent	3	2	1		
voient	3	2	1		
voir	3	2	1		
voz	3	2	1		
acomplie	2	1	1		
affaire	2	1	1		
aide	2	1	1		
ait	2	1	1		
ami	2	1	1		
aprendre	2	1	1		
arme	2	1	1		
bailla	2	1	1		
bataille	2	1	1		
batue	2	1	1		
ceinture	2	1	1		
celer	2	1	1		
celez	2	1	1		
cent	2	1	1		
charnel	2	1	1		
cinq	2	1	1		
combatoit	2	1	1		
coucha	2	1	1		
couchier	2	1	1		
creance	2	1	1		
cuideroie	2	1	1		
demandee	2	1	1		
demandez	2	1	1		
diront	2	1	1		
dis	2	1	1		
doie	2	1	1		
dos	2	1	1		
durer	2	1	1		
entendez	2	1	1		
failli	2	1	1		
faillir	2	1	1		
fel	2	1	1		
fera	2	1	1		
fier	2	1	1		
figure	2	1	1		
foibles	2	1	1		
fueilles	2	1	1		
gras	2	1	1		
hante	2	1	1		
harnois	2	1	1		
legieres	2	1	1		
Maintenant	2	1	1		
maintient	2	1	1		
manieres	2	1	1		
menee	2	1	1		
menton	2	1	1		
mer	2	1	1		
merite	2	1	1		
mol	2	1	1		
orroie	2	1	1		
Par	2	1	1		
pardurablement	2	1	1		
paroient	2	1	1		
paroles	2	1	1		
partira	2	1	1		
partiroit	2	1	1		
pendu	2	1	1		
pent	2	1	1		
perte	2	1	1		
plaira	2	1	1		
port	2	1	1		
porta	2	1	1		
portent	2	1	1		
portoit	2	1	1		
quatre	2	1	1		
rachater	2	1	1		
regardera	2	1	1		
rendre	2	1	1		
requerra	2	1	1		
requerre	2	1	1		
tart	2	1	1		
terriennement	2	1	1		
terriens	2	1	1		
trait	2	1	1		
venoient	2	1	1		
ventaille	2	1	1		
venues	2	1	1		
verroie	2	1	1		
abaiſſie	1	0	1		
abandonne	1	0	1		
accointance	1	0	1		
accoller	1	0	1		
accorde	1	0	1		
acheuer	1	0	1		
acompliſſe	1	0	1		
acõplie	1	0	1		
acouſtume	1	0	1		
adens	1	0	1		
adouberay	1	0	1		
adroit	1	0	1		
aduiengne	1	0	1		
afin	1	0	1		
agu	1	0	1		
ailleurs	1	0	1		
aime	1	0	1		
Ainſi	1	0	1		
AInſi	1	0	1		
ala	1	0	1		
ale	1	0	1		
alerẽt	1	0	1		
aliſſiez	1	0	1		
aller	1	0	1		
amendement	1	0	1		
amener	1	0	1		
amõt	1	0	1		
angleſches	1	0	1		
ap̃	1	0	1		
aparãt	1	0	1		
aparoir	1	0	1		
apercoit	1	0	1		
appareilleray	1	0	1		
appella	1	0	1		
appellee	1	0	1		
apporte	1	0	1		
apportoit	1	0	1		
appreſta	1	0	1		
appreſte	1	0	1		
appuye	1	0	1		
appuyee	1	0	1		
aprẽdre	1	0	1		
Aprez	1	0	1		
aproucha	1	0	1		
aprouche	1	0	1		
arbre	1	0	1		
ares	1	0	1		
arfors	1	0	1		
argente	1	0	1		
arreſte	1	0	1		
arreſter	1	0	1		
arreſtez	1	0	1		
artꝰ	1	0	1		
Atãt	1	0	1		
atourna	1	0	1		
atourne	1	0	1		
atournee	1	0	1		
atout	1	0	1		
attaindre	1	0	1		
attaint	1	0	1		
attẽdre	1	0	1		
attendoit	1	0	1		
auancement	1	0	1		
auancer	1	0	1		
auant	1	0	1		
auantures	1	0	1		
aucũe	1	0	1		
aucune	1	0	1		
aue	1	0	1		
Auec	1	0	1		
aueniſt	1	0	1		
auiendra	1	0	1		
auironnee	1	0	1		
auiz	1	0	1		
aultre	1	0	1		
auoient	1	0	1		
auoiẽt	1	0	1		
aurez	1	0	1		
auriez	1	0	1		
autant	1	0	1		
autãt	1	0	1		
aymãt	1	0	1		
aymeront	1	0	1		
aſer	1	0	1		
aſſaillie	1	0	1		
aſſẽblemẽt	1	0	1		
aſſeoir	1	0	1		
aſſeurer	1	0	1		
aſſeurera	1	0	1		
aſſiet	1	0	1		
baiſer	1	0	1		
banc	1	0	1		
banĩ	1	0	1		
banyn	1	0	1		
barons	1	0	1		
bas	1	0	1		
baſſe	1	0	1		
beaux	1	0	1		
bedoires	1	0	1		
belles	1	0	1		
bende	1	0	1		
beſoingz	1	0	1		
beſongne	1	0	1		
Bien	1	0	1		
biẽs	1	0	1		
blãche	1	0	1		
blãches	1	0	1		
blaſme	1	0	1		
blaſmeroit	1	0	1		
bõnes	1	0	1		
bontee	1	0	1		
bõs	1	0	1		
boucle	1	0	1		
bouhourdiz	1	0	1		
boute	1	0	1		
bouteillier	1	0	1		
bouter	1	0	1		
bras	1	0	1		
bretaigne	1	0	1		
brief	1	0	1		
caincte	1	0	1		
CAnt	1	0	1		
Cap	1	0	1		
carquois	1	0	1		
carquoys	1	0	1		
ceans	1	0	1		
Celui	1	0	1		
cerchier	1	0	1		
certaines	1	0	1		
Ceſt	1	0	1		
chacũ	1	0	1		
challeur	1	0	1		
chappeau	1	0	1		
Chappitre	1	0	1		
chaſteau	1	0	1		
chaſſa	1	0	1		
chaſſer	1	0	1		
chaſſeur	1	0	1		
cheoient	1	0	1		
cheoiẽt	1	0	1		
cheuaucha	1	0	1		
cheuauche	1	0	1		
cheuaucherent	1	0	1		
cheuauchoient	1	0	1		
cheuauchoiẽt	1	0	1		
cheulier	1	0	1		
cinquãte	1	0	1		
clameur	1	0	1		
claudas	1	0	1		
clergie	1	0	1		
cloſe	1	0	1		
cõbatus	1	0	1		
cõceuſt	1	0	1		
cõgie	1	0	1		
cõgnoiſt	1	0	1		
cõgnoiſtre	1	0	1		
cõiure	1	0	1		
cõmande	1	0	1		
combatus	1	0	1		
combien	1	0	1		
Cõmẽt	1	0	1		
Comme	1	0	1		
commẽcemẽt	1	0	1		
commence	1	0	1		
compta	1	0	1		
condamne	1	0	1		
cõneſtable	1	0	1		
congie	1	0	1		
congnoiſt	1	0	1		
congnoiſtre	1	0	1		
coniure	1	0	1		
conneſtable	1	0	1		
contredit	1	0	1		
conuenant	1	0	1		
conuiendra	1	0	1		
conuiennent	1	0	1		
conuoia	1	0	1		
conuoier	1	0	1		
conſeille	1	0	1		
conſeilliez	1	0	1		
cõpaignie	1	0	1		
cõpaignõs	1	0	1		
cõpte	1	0	1		
corne	1	0	1		
corrumpent	1	0	1		
corrumpẽt	1	0	1		
cõtredit	1	0	1		
couart	1	0	1		
couchete	1	0	1		
couchiez	1	0	1		
couleur	1	0	1		
coulpable	1	0	1		
coupey	1	0	1		
courage	1	0	1		
couronne	1	0	1		
courroit	1	0	1		
courroucer	1	0	1		
courte	1	0	1		
courtoiſie	1	0	1		
courſu	1	0	1		
couuoitiſe	1	0	1		
couſtera	1	0	1		
couſtoit	1	0	1		
couſtume	1	0	1		
cõſeille	1	0	1		
creãce	1	0	1		
createur	1	0	1		
creu	1	0	1		
creue	1	0	1		
croient	1	0	1		
croix	1	0	1		
croiſtre	1	0	1		
cruel	1	0	1		
cueurs	1	0	1		
cuidaſt	1	0	1		
cuidez	1	0	1		
DAme	1	0	1		
damoiſelle	1	0	1		
dãne	1	0	1		
danne	1	0	1		
daouſt	1	0	1		
dargent	1	0	1		
darimathie	1	0	1		
Dauid	1	0	1		
dautre	1	0	1		
debõnai	1	0	1		
debõnaire	1	0	1		
debonnai	1	0	1		
debouter	1	0	1		
declare	1	0	1		
deffẽdu	1	0	1		
deffendeurs	1	0	1		
deffenſeur	1	0	1		
defferera	1	0	1		
defferra	1	0	1		
defferre	1	0	1		
defferrer	1	0	1		
dehors	1	0	1		
deliure	1	0	1		
demoura	1	0	1		
depar	1	0	1		
departy	1	0	1		
detenir	1	0	1		
detiendray	1	0	1		
deuiſe	1	0	1		
deuiſer	1	0	1		
deuiſeray	1	0	1		
deuoie	1	0	1		
deuoient	1	0	1		
deuoiẽt	1	0	1		
deuroit	1	0	1		
deuſt	1	0	1		
deuſſiez	1	0	1		
deſcendent	1	0	1		
Deſcendez	1	0	1		
deſcendirent	1	0	1		
deſconſeilliez	1	0	1		
deſir	1	0	1		
deſire	1	0	1		
deſirer	1	0	1		
deſloyaulte	1	0	1		
deſloyaulx	1	0	1		
deſloyaute	1	0	1		
deſormais	1	0	1		
deſpẽpartie	1	0	1		
deſtournoit	1	0	1		ici
deſtrãgot	1	0	1		
deſtrangot	1	0	1		
deſtruir	1	0	1		
deſſoubz	1	0	1		
dicy	1	0	1		
diez	1	0	1		
difference	1	0	1		
digne	1	0	1		
dignite	1	0	1		
dillec	1	0	1		
dimẽche	1	0	1		
diz	1	0	1		
diſiez	1	0	1		
diſmes	1	0	1		
diſoent	1	0	1		
diſoient	1	0	1		
dõc	1	0	1		
doibt	1	0	1		
dois	1	0	1		
doĩt	1	0	1		
doiuent	1	0	1		
dõme	1	0	1		
Donc	1	0	1		
doubtance	1	0	1		
doubter	1	0	1		
doubteroit	1	0	1		
doulceur	1	0	1		
doulz	1	0	1		
doye	1	0	1		
dune	1	0	1		
dung	1	0	1		
duroit	1	0	1		
ẽbarni	1	0	1		
ẽcore	1	0	1		
ẽcores	1	0	1		
eglise	1	0	1		
Elain	1	0	1		
election	1	0	1		
embarni	1	0	1		
embraſſer	1	0	1		
ẽmena	1	0	1		
emmena	1	0	1		
emmy	1	0	1		
employee	1	0	1		
empres	1	0	1		
emprez	1	0	1		
encore	1	0	1		
encõtre	1	0	1		
enferre	1	0	1		
enforcer	1	0	1		
ennemis	1	0	1		
ennuye	1	0	1		
enquiſt	1	0	1		
entalente	1	0	1		
entendement	1	0	1		
entent	1	0	1		
entremettre	1	0	1		
entreprẽgne	1	0	1		
entreprengne	1	0	1		
entreprins	1	0	1		
enuie	1	0	1		
enſeigne	1	0	1		
enſeignes	1	0	1		
enſeignie	1	0	1		
enſuit	1	0	1		
enſuuir	1	0	1		
ẽtre	1	0	1		
ẽtreprĩt	1	0	1		
ẽtrerẽt	1	0	1		
eu	1	0	1		
ẽuirõ	1	0	1		
eut	1	0	1		
exerce	1	0	1		
eſbahi	1	0	1		
eſbahie	1	0	1		
eſbahiſt	1	0	1		
eſcõdirez	1	0	1		
eſcondirez	1	0	1		
eſcondiroie	1	0	1		
eſcripture	1	0	1		
eſcuier	1	0	1		
ẽſeignie	1	0	1		
ẽſeignier	1	0	1		
eſleu	1	0	1		
eſleuz	1	0	1		
eſppee	1	0	1		
eſprouue	1	0	1		
eſtablirent	1	0	1		
eſtablis	1	0	1		
eſtait	1	0	1		
eſtiez	1	0	1		
eſtocquant	1	0	1		
eſtocquãt	1	0	1		
eſſaucer	1	0	1		
eſſayee	1	0	1		
eſſuye	1	0	1		
faictes	1	0	1		
faitte	1	0	1		
faiſons	1	0	1		
fardeaulx	1	0	1		
felonnie	1	0	1		
femme	1	0	1		
feray	1	0	1		
ferons	1	0	1		
ferõs	1	0	1		
feru	1	0	1		
feuſtes	1	0	1		
feſtes	1	0	1		
feſtoier	1	0	1		
fichee	1	0	1		
fiebles	1	0	1		
flondehueg	1	0	1		
fois	1	0	1		
font	1	0	1		
forte	1	0	1		
fourre	1	0	1		
fouyr	1	0	1		
fuye	1	0	1		
fuyez	1	0	1		
galaad	1	0	1		
galeche	1	0	1		
galles	1	0	1		
gallonne	1	0	1		
garans	1	0	1		
garantiſt	1	0	1		
garantiſſe	1	0	1		
garãtie	1	0	1		
garãtir	1	0	1		
gaulle	1	0	1		
gaſſenĩ	1	0	1		
germains	1	0	1		
geut	1	0	1		
geſir	1	0	1		
giſante	1	0	1		
giſãte	1	0	1		
grace	1	0	1		
grãdeur	1	0	1		
grandeur	1	0	1		
grauadain	1	0	1		
greigneure	1	0	1		
greuera	1	0	1		
greſſe	1	0	1		
grigneur	1	0	1		
gros	1	0	1		
groſſe	1	0	1		
Haa	1	0	1		
haine	1	0	1		
hair	1	0	1		
hait	1	0	1		
hardia	1	0	1		
haultes	1	0	1		
haſtez	1	0	1		
hector	1	0	1		
heures	1	0	1		
hõe	1	0	1		
hõneur	1	0	1		
honnourablemẽt	1	0	1		
honnouree	1	0	1		
honteuſe	1	0	1		
honteuſement	1	0	1		
iamais	1	0	1		
iardĩ	1	0	1		
iardin	1	0	1		
icy	1	0	1		
ieudi	1	0	1		
ieuſſe	1	0	1		
ieſtoye	1	0	1		
iii	1	0	1		
Ilz	1	0	1		
indigens	1	0	1		
indignation	1	0	1		
iniuriee	1	0	1		
innocent	1	0	1		
ioe	1	0	1		
ioieux	1	0	1		
iourduy	1	0	1		
iouxte	1	0	1		
ioyaux	1	0	1		
ioſue	1	0	1		
irez	1	0	1		
iudas	1	0	1		
iuge	1	0	1		
iuger	1	0	1		
iuſte	1	0	1		
iſrael	1	0	1		
Ja	1	0	1		
Joſeph	1	0	1		
kamalos	1	0	1		
laage	1	0	1		
laiſſaſt	1	0	1		
laiſſeray	1	0	1		
laiſſerez	1	0	1		
laiſſerons	1	0	1		
laiſſez	1	0	1		
lame	1	0	1		
lamenday	1	0	1		
lamy	1	0	1		
laportoiẽt	1	0	1		
largement	1	0	1		
largem̃ t	1	0	1		
lattendoit	1	0	1		
lauenement	1	0	1		
laurez	1	0	1		
lay	1	0	1		
laymant	1	0	1		
laymoit	1	0	1		
laſſemblee	1	0	1		
laſſeray	1	0	1		
lẽ	1	0	1		
lẽcontre	1	0	1		
legiere	1	0	1		
leglise	1	0	1		
lempeſchoit	1	0	1		
lentendit	1	0	1		
lenuoya	1	0	1		
lequel	1	0	1		
lerbe	1	0	1		
leua	1	0	1		
leuãgile	1	0	1		
leuangile	1	0	1		
leuee	1	0	1		
leure	1	0	1		
leurs	1	0	1		
leſ	1	0	1		
leſchauguette	1	0	1		
Leſcu	1	0	1		
leſpaule	1	0	1		
leſpaulle	1	0	1		
Leſpee	1	0	1		
leſtable	1	0	1		
lieues	1	0	1		
lieux	1	0	1		
liguage	1	0	1		
lionnel	1	0	1		
liſternoys	1	0	1		
locciſt	1	0	1		
lõguemẽt	1	0	1		
loĩg	1	0	1		
lomme	1	0	1		
Lor	1	0	1		
loyal	1	0	1		
loyaulte	1	0	1		
loyt	1	0	1		
loz	1	0	1		
loſeriez	1	0	1		
lucan	1	0	1		
lumaine	1	0	1		
Lun	1	0	1		
Lyonnel	1	0	1		
machabeus	1	0	1		
maĩ	1	0	1		
Maintenãt	1	0	1		
maintĩdrent	1	0	1		
malfaicteur	1	0	1		
malfaicteurs	1	0	1		
malfaiteur	1	0	1		
mardi	1	0	1		
mauuaitie	1	0	1		
mauuaiſe	1	0	1		
mẽ	1	0	1		
meffaire	1	0	1		
meilleures	1	0	1		
meilleurs	1	0	1		
membres	1	0	1		
meneroie	1	0	1		
mercia	1	0	1		
mercis	1	0	1		
merueilleux	1	0	1		
meurdriers	1	0	1		
meuſt	1	0	1		
meſaiſe	1	0	1		
meſcreãs	1	0	1		
meſtoit	1	0	1		
meſſe	1	0	1		
miẽ	1	0	1		
miniſtrer	1	0	1		
miſerable	1	0	1		
moitie	1	0	1		
molle	1	0	1		
monſtre	1	0	1		
monſtreray	1	0	1		
moys	1	0	1		
mõſeigneur	1	0	1		
mõſtra	1	0	1		
mõſtre	1	0	1		
mõſtreray	1	0	1		
multitude	1	0	1		
napartient	1	0	1		
nature	1	0	1		
nauoye	1	0	1		
nauriez	1	0	1		
nay	1	0	1		
naſquiſt	1	0	1		
nẽ	1	0	1		
neantmoins	1	0	1		
neãt	1	0	1		
negligence	1	0	1		
Nẽny	1	0	1		
nepueu	1	0	1		
neſtoient	1	0	1		
neſtoiẽt	1	0	1		
noble	1	0	1		
nõbre	1	0	1		
noehaut	1	0	1		
noenor	1	0	1		
nombre	1	0	1		
nommees	1	0	1		
nommez	1	0	1		
nõnain	1	0	1		
nonnain	1	0	1		
nourreture	1	0	1		
nourry	1	0	1		
nouueaux	1	0	1		
nouuelle	1	0	1		
noſſelice	1	0	1		
nuyt	1	0	1		
nyrez	1	0	1		
obeir	1	0	1		
occient	1	0	1		
occire	1	0	1		
occiz	1	0	1		
orains	1	0	1		
oraĩs	1	0	1		
oraiſons	1	0	1		
oraiſõs	1	0	1		
ordonnez	1	0	1		
orphelins	1	0	1		
õt	1	0	1		
ottroia	1	0	1		
ouec	1	0	1		
ouir	1	0	1		
oultrageux	1	0	1		
oultraige	1	0	1		
oultre	1	0	1		
Oultreplus	1	0	1		
Ouy	1	0	1		
ouyt	1	0	1		
oyet	1	0	1		
oyez	1	0	1		
oſe	1	0	1		
oſent	1	0	1		
oſeray	1	0	1		
oſeroie	1	0	1		
oſẽt	1	0	1		
oſtat	1	0	1		
oſteray	1	0	1		
pain	1	0	1		
paiſibles	1	0	1		
palleffrois	1	0	1		
pareil	1	0	1		
parleray	1	0	1		
parolle	1	0	1		
parrain	1	0	1		
pars	1	0	1		
partiray	1	0	1		
partirons	1	0	1		
partis	1	0	1		
partit	1	0	1		
pays	1	0	1		
paſſez	1	0	1		
pechie	1	0	1		
pelles	1	0	1		
pendant	1	0	1		
pendoit	1	0	1		
penthecouſte	1	0	1		
penſa	1	0	1		
penſez	1	0	1		
penſif	1	0	1		
penſiue	1	0	1		
penſoye	1	0	1		
perdiſſiez	1	0	1		
peruers	1	0	1		
perſonne	1	0	1		
pẽthecouſte	1	0	1		
peuent	1	0	1		
peuẽt	1	0	1		
peuples	1	0	1		
peurent	1	0	1		
peurẽt	1	0	1		
peuſt	1	0	1		
peuſſent	1	0	1		
philiſtiens	1	0	1		
picque	1	0	1		
pieca	1	0	1		
plainement	1	0	1		
plaiſant	1	0	1		
plaiſãt	1	0	1		
plaiſe	1	0	1		
plaiſir	1	0	1		
plaiſt	1	0	1		
playe	1	0	1		
pliant	1	0	1		
plourer	1	0	1		
plouroie	1	0	1		
pluſieurs	1	0	1		
poĩgnãt	1	0	1		
poĩgne	1	0	1		
poĩt	1	0	1		
poĩte	1	0	1		
polliſſement	1	0	1		
portay	1	0	1		
pou	1	0	1		
pouoit	1	0	1		
pourchaſſe	1	0	1		
pourchaſſer	1	0	1		
pourpenſa	1	0	1		
pourra	1	0	1		
pourrez	1	0	1		
pourrons	1	0	1		
prẽdra	1	0	1		
prẽdroit	1	0	1		
prendroit	1	0	1		
prẽnent	1	0	1		
preudõme	1	0	1		
preudommes	1	0	1		
prez	1	0	1		
preſſe	1	0	1		
pria	1	0	1		
priere	1	0	1		
prieres	1	0	1		
principalement	1	0	1		
priſaſt	1	0	1		
prometz	1	0	1		
prouchaĩnemẽt	1	0	1		
prouchainnemẽt	1	0	1		
proueſſes	1	0	1		
puiſſant	1	0	1		
puiſſãt	1	0	1		
puys	1	0	1		
q̃ lles	1	0	1		
q́ lz	1	0	1		
q̃ lz	1	0	1		
q̃ rir	1	0	1		
quarante	1	0	1		
quarãte	1	0	1		
Quauez	1	0	1		
Quelle	1	0	1		
querir	1	0	1		
Quoy	1	0	1		
QVant	1	0	1		
QVãt	1	0	1		
raiſons	1	0	1		
receuoir	1	0	1		
receuſt	1	0	1		
recõmande	1	0	1		
recommande	1	0	1		
recommence	1	0	1		
recouurer	1	0	1		
refuſer	1	0	1		
regard	1	0	1		
regardoient	1	0	1		
reprimer	1	0	1		
requerez	1	0	1		
retenez	1	0	1		
retint	1	0	1		
retourne	1	0	1		
reuenir	1	0	1		
reſpondu	1	0	1		
richemẽt	1	0	1		
richem̃ t	1	0	1		
richeſſes	1	0	1		
riẽs	1	0	1		
rouſſin	1	0	1		
Roy	1	0	1		
sen	1	0	1		
Ses	1	0	1		
signifie	1	0	1		
table	1	0	1		
taiſt	1	0	1		
talẽt	1	0	1		
tallent	1	0	1		
Tel	1	0	1		
tellement	1	0	1		
tellemẽt	1	0	1		
telles	1	0	1		
telz	1	0	1		
tendremẽt	1	0	1		
tent	1	0	1		
terriẽnemẽt	1	0	1		
teſmõgnage	1	0	1		
teſmoing	1	0	1		
teſmongne	1	0	1		
tiengne	1	0	1		
tiẽt	1	0	1		
tint	1	0	1		
tira	1	0	1		
tirannie	1	0	1		
tollent	1	0	1		
tollẽt	1	0	1		
tors	1	0	1		
tourna	1	0	1		
Tous	1	0	1		
Touteffois	1	0	1		
Toutes	1	0	1		
traiſt	1	0	1		
trẽble	1	0	1		
tremblaſt	1	0	1		
trenchante	1	0	1		
trenchãt	1	0	1		
treſpaſſez	1	0	1		
treſſault	1	0	1		
tronſons	1	0	1		
trouuees	1	0	1		
trõſõs	1	0	1		
ualier	1	0	1		
uoit	1	0	1		
vaincre	1	0	1		
vaincu	1	0	1		
vaiſſeau	1	0	1		
valeurs	1	0	1		
valleur	1	0	1		
valloient	1	0	1		
valoir	1	0	1		
vauldroit	1	0	1		
vaulx	1	0	1		
vaulſiſt	1	0	1		
vẽdredi	1	0	1		
vẽgera	1	0	1		
vẽgeray	1	0	1		
vẽgerez	1	0	1		
vẽgie	1	0	1		
vẽgier	1	0	1		
venant	1	0	1		
venge	1	0	1		
vengeray	1	0	1		
vengerez	1	0	1		
vengier	1	0	1		
vertueux	1	0	1		
vẽtre	1	0	1		
veufues	1	0	1		
veſpre	1	0	1		
veſtue	1	0	1		
veſtus	1	0	1		
viẽdroit	1	0	1		
viendroit	1	0	1		
viendrons	1	0	1		
viengne	1	0	1		
viennent	1	0	1		
viennẽt	1	0	1		
vierge	1	0	1		
viẽs	1	0	1		
viẽt	1	0	1		
ville	1	0	1		
vindrẽt	1	0	1		
vinſtes	1	0	1		
viue	1	0	1		
viure	1	0	1		
viſage	1	0	1		
vnz	1	0	1		
voelle	1	0	1		
voix	1	0	1		
voiſe	1	0	1		
voiſins	1	0	1		
vons	1	0	1		
võt	1	0	1		
votre	1	0	1		
voue	1	0	1		
vouldront	1	0	1		
voulenlente	1	0	1		
voulente	1	0	1		
voulẽtiers	1	0	1		
voulloit	1	0	1		
voulut	1	0	1		
voulſiſt	1	0	1		
Vous	1	0	1		
vouſ	1	0	1		
voyent	1	0	1		
voyt	1	0	1		
Voſtre	1	0	1		
vraie	1	0	1		
vraies	1	0	1		
vrais	1	0	1		
vray	1	0	1		
vrẽ	1	0	1		
vriẽ	1	0	1		
vrien	1	0	1		
vser	1	0	1		
vueille	1	0	1		
vſer	1	0	1		
xix	1	0	1		
xl	1	0	1		
xx	1	0	1		
xxii	1	0	1		
yuaĩ	1	0	1		
yſſir	1	0	1		
yſſit	1	0	1		
ſache	1	0	1		
ſacourre	1	0	1		
ſacourt	1	0	1		
ſaiette	1	0	1		
ſaige	1	0	1		
ſaiges	1	0	1		
ſaillent	1	0	1		
ſaillẽt	1	0	1		
ſains	1	0	1		
ſaiſon	1	0	1		
ſaluer	1	0	1		
ſante	1	0	1		
ſaouler	1	0	1		
ſãs	1	0	1		
ſãte	1	0	1		
ſatin	1	0	1		
ſaucuns	1	0	1		
ſauoit	1	0	1		
ſauueur	1	0	1		
ſecourier	1	0	1		
ſecretement	1	0	1		
ſefforce	1	0	1		
ſeint	1	0	1		
ſeiournoit	1	0	1		
ſelon	1	0	1		
ſembloit	1	0	1		
ſeneſchal	1	0	1		
ſentir	1	0	1		
ſentoit	1	0	1		
ſepmaine	1	0	1		
ſepmaines	1	0	1		
ſepulchre	1	0	1		
ſerui	1	0	1		
ſeruie	1	0	1		
ſeruoit	1	0	1		
ſeuffre	1	0	1		
ſeul	1	0	1		
ſeurement	1	0	1		
ſeſmerueillent	1	0	1		
ſeſpant	1	0	1		
ſeſt	1	0	1		
ſeſtoient	1	0	1		
ſeſtoit	1	0	1		
ſicomme	1	0	1		
ſiecle	1	0	1		
ſiet	1	0	1		
ſignifiãce	1	0	1		
ſignifiances	1	0	1		
ſignifient	1	0	1		
ſimon	1	0	1		
ſoie	1	0	1		
ſoient	1	0	1		
ſoleil	1	0	1		
ſonne	1	0	1		
ſouef	1	0	1		
ſouffriſt	1	0	1		
ſoupper	1	0	1		
ſouſpirant	1	0	1		
ſouſpirãt	1	0	1		
ſpirituellemment	1	0	1		
ſus	1	0	1		
ſuſpeconne	1	0	1		
ᵱmy	1	0	1		
ᵱtie	1	0	1		
s	50	48	2		
i	43	41	2		
son	31	29	2		
Mais	27	25	2		
ores	14	12	2		
blans	12	10	2		
encontre	11	9	2		
porte	8	6	2		
dames	7	5	2		
parler	7	5	2		
venue	7	5	2		
aage	6	4	2		
Artus	6	4	2		
Au	6	4	2		
chemin	6	4	2		
couche	6	4	2		
fais	6	4	2		
gardez	6	4	2		
lignage	6	4	2		
met	6	4	2		
point	6	4	2		
pointe	6	4	2		
robes	6	4	2		
arc	5	3	2		
commencement	5	3	2		
doint	5	3	2		
Ha	5	3	2		
legier	5	3	2		
mien	5	3	2		
chaude	4	2	2		
die	4	2	2		
dur	4	2	2		
endroit	4	2	2		
ferir	4	2	2		
frain	4	2	2		
garantie	4	2	2		
huit	4	2	2		
mercie	4	2	2		
monta	4	2	2		
nuit	4	2	2		
pere	4	2	2		
pert	4	2	2		
piece	4	2	2		
prie	4	2	2		
Puis	4	2	2		
Qui	4	2	2		
requier	4	2	2		
richement	4	2	2		
vendredi	4	2	2		
vie	4	2	2		
vont	4	2	2		
alerent	3	1	2		
biens	3	1	2		
Ce	3	1	2		
demanda	3	1	2		
faiz	3	1	2		
fer	3	1	2		
gentil	3	1	2		
Lancelot	3	1	2		
lances	3	1	2		
monter	3	1	2		
nomme	3	1	2		
perdu	3	1	2		
plains	3	1	2		
promis	3	1	2		
roide	3	1	2		
¶	2	0	2		
Adonc	2	0	2		
aĩcois	2	0	2		
amene	2	0	2		
amour	2	0	2		
amys	2	0	2		
ans	2	0	2		
appareillie	2	0	2		
appartiennent	2	0	2		
appelle	2	0	2		
arriere	2	0	2		
arriuerent	2	0	2		
atourner	2	0	2		
attendre	2	0	2		
aumoſnes	2	0	2		
auroit	2	0	2		
Auſſi	2	0	2		
aymant	2	0	2		
ayme	2	0	2		
bñ	2	0	2		
bonte	2	0	2		
boort	2	0	2		
boys	2	0	2		
Car	2	0	2		
cellui	2	0	2		
chãbre	2	0	2		
chault	2	0	2		
Cheualier	2	0	2		
cheuaulx	2	0	2		
chiere	2	0	2		
cõe	2	0	2		
cõmẽt	2	0	2		
commenca	2	0	2		
Commẽt	2	0	2		
compte	2	0	2		
conuient	2	0	2		
cor	2	0	2		
cõtre	2	0	2		
courrouce	2	0	2		
courroucee	2	0	2		
courtois	2	0	2		
couuert	2	0	2		
cy	2	0	2		
damoiſelles	2	0	2		
debonnairete	2	0	2		
dedens	2	0	2		
deffault	2	0	2		
deffendre	2	0	2		
deffendu	2	0	2		
deffenſe	2	0	2		
demãda	2	0	2		
deuez	2	0	2		
deuoit	2	0	2		
deſcendiſt	2	0	2		
deſcent	2	0	2		
deſpriſeurs	2	0	2		
deſtre	2	0	2		
diray	2	0	2		
dõmage	2	0	2		
dommage	2	0	2		
domme	2	0	2		
donna	2	0	2		
donnee	2	0	2		
donneez	2	0	2		
e	2	0	2		
Elle	2	0	2		
enfans	2	0	2		
entreprendre	2	0	2		
erſoir	2	0	2		
eſbahy	2	0	2		
eſcu	2	0	2		
eſcuiers	2	0	2		
eſtabli	2	0	2		
eſtat	2	0	2		
faiſoient	2	0	2		
fẽmes	2	0	2		
femmes	2	0	2		
feneſtres	2	0	2		
feuſt	2	0	2		
feſte	2	0	2		
follie	2	0	2		
foy	2	0	2		
frere	2	0	2		
fuſt	2	0	2		
fuſſe	2	0	2		
gaſſenin	2	0	2		
glaiue	2	0	2		
gre	2	0	2		
greigneur	2	0	2		
griefue	2	0	2		
harnoys	2	0	2		
haubert	2	0	2		
haulte	2	0	2		
honnourablement	2	0	2		
iay	2	0	2		
iaye	2	0	2		
ien	2	0	2		
ieſuchriſt	2	0	2		
ii	2	0	2		
ioye	2	0	2		
iray	2	0	2		
iure	2	0	2		
Jay	2	0	2		
lãcelot	2	0	2		
large	2	0	2		
larmes	2	0	2		
lendemain	2	0	2		
lenfant	2	0	2		
leſcripture	2	0	2		
lõme	2	0	2		
long	2	0	2		
lonneur	2	0	2		
loy	2	0	2		
lun	2	0	2		
luy	2	0	2		
lyonnel	2	0	2		
maĩs	2	0	2		
maiſtreſſe	2	0	2		
manteau	2	0	2		
mauuais	2	0	2		
mauuaiſtie	2	0	2		
meilleur	2	0	2		
mettez	2	0	2		
Meſſire	2	0	2		
miſt	2	0	2		
mõde	2	0	2		
monſeigneur	2	0	2		
Moult	2	0	2		
Nenny	2	0	2		
neſtes	2	0	2		
neſtoit	2	0	2		
nõ	2	0	2		
nouuelles	2	0	2		
ouy	2	0	2		
Oy	2	0	2		
oſaſt	2	0	2		
oſter	2	0	2		
paine	2	0	2		
pareſſe	2	0	2		
pariure	2	0	2		
piteux	2	0	2		
pleure	2	0	2		
plꝰ	2	0	2		
poins	2	0	2		
pouez	2	0	2		
pouoir	2	0	2		
pourray	2	0	2		
prendra	2	0	2		
preudes	2	0	2		
preſent	2	0	2		
preſt	2	0	2		
prouchainnement	2	0	2		
puiſſe	2	0	2		
quelque	2	0	2		
quilz	2	0	2		
raiſon	2	0	2		
recoit	2	0	2		
regardez	2	0	2		
requerrez	2	0	2		
reſpont	2	0	2		
riẽ	2	0	2		
robeurs	2	0	2		
taillie	2	0	2		
tendrement	2	0	2		
tenoit	2	0	2		
trauail	2	0	2		
trouuer	2	0	2		
vaillans	2	0	2		
vengie	2	0	2		
veniſt	2	0	2		
venus	2	0	2		
verrez	2	0	2		
verte	2	0	2		
veſpres	2	0	2		
veſtu	2	0	2		
vĩdrẽt	2	0	2		
viens	2	0	2		
villennie	2	0	2		
vngz	2	0	2		
vouloir	2	0	2		
xviii	2	0	2		
ya	2	0	2		
ſage	2	0	2		
ſaĩcte	2	0	2		
ſait	2	0	2		
ſaĩt	2	0	2		
ſauiez	2	0	2		
ſaura	2	0	2		
ſauroie	2	0	2		
ſemblant	2	0	2		
ſemble	2	0	2		
ſenechal	2	0	2		
ſeneſtre	2	0	2		
ſens	2	0	2		
ſeoir	2	0	2		
ſeray	2	0	2		
ſergant	2	0	2		
ſerre	2	0	2		
ſeruir	2	0	2		
ſeſmerueille	2	0	2		
ſoiez	2	0	2		
ſoir	2	0	2		
ſouffreteux	2	0	2		
ſouffrir	2	0	2		
ſouſpire	2	0	2		
ſouſtenir	2	0	2		
vient	13	10	3		
De	9	6	3		
don	9	6	3		
droiture	9	6	3		
ont	9	6	3		
robe	8	5	3		
terre	8	5	3		
bontez	7	4	3		
veoir	7	4	3		
cire	6	3	3		
col	6	3	3		
felons	6	3	3		
quel	6	3	3		
tort	6	3	3		
ventre	6	3	3		
blanches	5	2	3		
cerf	5	2	3		
dire	5	2	3		
lors	5	2	3		
mis	5	2	3		
apres	4	1	3		
bon	4	1	3		
chambre	4	1	3		
faciez	4	1	3		
loing	4	1	3		
prendre	4	1	3		
talent	4	1	3		
venu	4	1	3		
aduis	3	0	3		
aduiz	3	0	3		
aprez	3	0	3		
baiſe	3	0	3		
ban	3	0	3		
banin	3	0	3		
Beau	3	0	3		
beaute	3	0	3		
benoic	3	0	3		
bonnes	3	0	3		
ceſte	3	0	3		
cõment	3	0	3		
Cõment	3	0	3		
conſeil	3	0	3		
couſins	3	0	3		
cõſeil	3	0	3		
croy	3	0	3		
cuide	3	0	3		
Damoiſelle	3	0	3		
demaĩ	3	0	3		
depuis	3	0	3		
dictes	3	0	3		
Dictes	3	0	3		
enfant	3	0	3		
enuers	3	0	3		
eulx	3	0	3		
eulz	3	0	3		
euſſe	3	0	3		
eſpee	3	0	3		
gauuaĩ	3	0	3		
grãde	3	0	3		
grans	3	0	3		
hardy	3	0	3		
hault	3	0	3		
heaume	3	0	3		
heure	3	0	3		
hõmes	3	0	3		
honneur	3	0	3		
hoſtel	3	0	3		
iours	3	0	3		
Je	3	0	3		
laiſſe	3	0	3		
laiſſer	3	0	3		
lauoit	3	0	3		
lautre	3	0	3		
lencõtre	3	0	3		
lieu	3	0	3		
lieue	3	0	3		
littiere	3	0	3		
loſtel	3	0	3		
maiſõ	3	0	3		
meſcreans	3	0	3		
miſe	3	0	3		
mõta	3	0	3		
nauoit	3	0	3		
neant	3	0	3		
ny	3	0	3		
peu	3	0	3		
peult	3	0	3		
pẽſer	3	0	3		
pitie	3	0	3		
quoy	3	0	3		
tãt	3	0	3		
tient	3	0	3		
touteſfois	3	0	3		
touſiours	3	0	3		
trenchans	3	0	3		
trenchant	3	0	3		
trouua	3	0	3		
veiſſiez	3	0	3		
yeulx	3	0	3		
ſachez	3	0	3		
ſalue	3	0	3		
ſauez	3	0	3		
ſaurez	3	0	3		
ſcait	3	0	3		
ſcay	3	0	3		
ſerez	3	0	3		
ſeroit	3	0	3		
ſõt	3	0	3		
ſoy	3	0	3		
autre	15	11	4		
chief	11	7	4		
Atant	10	6	4		
demain	10	6	4		
demande	10	6	4		
face	10	6	4		
trois	10	6	4		
force	9	5	4		
mener	9	5	4		
mes	9	5	4		
porter	9	5	4		
A	8	4	4		
fort	8	4	4		
matin	8	4	4		
part	8	4	4		
garantir	7	3	4		
garde	7	3	4		
mot	7	3	4		
maine	6	2	4		
aucun	5	1	4		
aincois	4	0	4		
aĩs	4	0	4		
celles	4	0	4		
ceulz	4	0	4		
choſes	4	0	4		
demãde	4	0	4		
demourer	4	0	4		
deuãt	4	0	4		
dimenche	4	0	4		
donne	4	0	4		
eſtoient	4	0	4		
fit	4	0	4		
foreſt	4	0	4		
hõme	4	0	4		
iuſques	4	0	4		
lamour	4	0	4		
lencontre	4	0	4		
merueille	4	0	4		
merueilles	4	0	4		
meſmes	4	0	4		
naure	4	0	4		
oncq̃ s	4	0	4		
parmy	4	0	4		
pourtant	4	0	4		
premiere	4	0	4		
preux	4	0	4		
quãt	4	0	4		
Quãt	4	0	4		
telle	4	0	4		
teſte	4	0	4		
tronchons	4	0	4		
veu	4	0	4		
vĩt	4	0	4		
vouloit	4	0	4		
ſauoir	4	0	4		
ſuis	4	0	4		
blanc	16	11	5		
Il	15	10	5		
main	13	8	5		
mere	11	6	5		
venir	10	5	5		
partie	8	3	5		
compaignie	6	1	5		
donc	6	1	5		
vit	6	1	5		
aĩſi	5	0	5		
auſſi	5	0	5		
belle	5	0	5		
chacun	5	0	5		
deſſus	5	0	5		
euſt	5	0	5		
faiſoit	5	0	5		
hommes	5	0	5		
leur	5	0	5		
leſpee	5	0	5		
maiſon	5	0	5		
meſt	5	0	5		
meſtier	5	0	5		
mõ	5	0	5		
nom	5	0	5		
penſe	5	0	5		
proueſſe	5	0	5		
quelle	5	0	5		
temps	5	0	5		
toſt	5	0	5		
ſalle	5	0	5		
ſecours	5	0	5		
ſignifie	5	0	5		
ſil	5	0	5		
ſire	5	0	5		
ſoyez	5	0	5		
non	28	22	6		
vers	19	13	6		
trop	18	12	6		
rien	17	11	6		
entre	15	9	6		
aler	13	7	6		
ces	13	7	6		
ma	13	7	6		
honte	12	6	6		
En	11	5	6		
mains	11	5	6		
Certes	10	4	6		
fors	10	4	6		
regarde	10	4	6		
contre	7	1	6		
ceſt	6	0	6		
iehan	6	0	6		
kamalot	6	0	6		
keu	6	0	6		
lordre	6	0	6		
nen	6	0	6		
noſtre	6	0	6		
pourroit	6	0	6		
preudomme	6	0	6		
verite	6	0	6		
vertus	6	0	6		
voulez	6	0	6		
ſaint	6	0	6		
ſõ	6	0	6		
ſoit	6	0	6		
mal	15	8	7		
Comment	12	5	7		
ains	7	0	7		
celle	7	0	7		
fiſt	7	0	7		
gens	7	0	7		
grãt	7	0	7		
neſt	7	0	7		
on	7	0	7		
prent	7	0	7		
treuue	7	0	7		
voulentiers	7	0	7		
vueil	7	0	7		
droit	18	10	8		
La	14	6	8		
encores	13	5	8		
mort	13	5	8		
auez	8	0	8		
eſte	8	0	8		
eſtes	8	0	8		
grande	8	0	8		
men	8	0	8		
mieulx	8	0	8		
paour	8	0	8		
peuple	8	0	8		
va	8	0	8		
comment	27	18	9		
voit	25	16	9		
armes	20	11	9		
tel	19	10	9		
Quant	12	3	9		
lac	10	1	9		
aux	9	0	9		
ay	9	0	9		
aſſez	9	0	9		
biẽ	9	0	9		
ceulx	9	0	9		
cheual	9	0	9		
gauuain	9	0	9		
mettre	9	0	9		
nous	9	0	9		
voꝰ	9	0	9		
ſans	9	0	9		
Dame	31	21	10		
Si	25	15	10		
faire	22	12	10		
Lors	21	11	10		
furent	18	8	10		
monde	15	5	10		
auec	10	0	10		
choſe	10	0	10		
egliſe	10	0	10		
iour	10	0	10		
oncques	10	0	10		
pource	10	0	10		
quant	10	0	10		
toute	10	0	10		
veult	10	0	10		
ſen	10	0	10		
dit	42	31	11		
puis	25	14	11		
corps	11	0	11		
penſer	11	0	11		
ſera	11	0	11		
ſes	11	0	11		
dont	39	27	12		
artus	12	0	12		
lancelot	12	0	12		
moy	12	0	12		
toutes	12	0	12		
ſeigneur	12	0	12		
autres	39	26	13		
mon	19	6	13		
court	13	0	13		
homme	13	0	13		
ilz	13	0	13		
Le	13	0	13		
peut	13	0	13		
voſtre	13	0	13		
ſaincte	13	0	13		
vint	28	14	14		
ia	14	0	14		
len	14	0	14		
royne	14	0	14		
tout	14	0	14		
ſur	14	0	14		
celui	25	10	15		
ainſi	15	0	15		
beau	15	0	15		
deuant	15	0	15		
cheualiers	16	0	16		
tous	16	0	16		
varlet	16	0	16		
ſa	16	0	16		
Sire	32	15	17		
auoit	17	0	17		
q́ l	17	0	17		
des	51	33	18		
filz	33	15	18		
dieu	18	0	18		
yuain	18	0	18		
ſont	18	0	18		
auoir	19	0	19		
cheualerie	19	0	19		
vne	19	0	19		
deux	20	0	20		
meſſire	20	0	20		
y	20	0	20		
diſt	21	0	21		
pas	69	47	22		
eſtoit	22	0	22		
q́	22	0	22		
tant	52	29	23		
cõme	23	0	23		
cueur	24	0	24		
q̃	24	0	24		
mie	32	7	25		
fut	29	2	27		
eſtre	27	0	27		
grant	81	53	28		
vng	28	0	28		
doit	72	43	29		
moult	29	0	29		
par	72	42	30		
mais	63	33	30		
me	60	30	30		
ou	41	11	30		
plus	84	51	33		
comme	45	12	33		
dame	74	40	34		
:	53	18	35		
au	80	44	36		
quil	38	0	38		
bien	88	49	39		
ce	102	62	40		
ſon	42	0	42		
ſi	46	0	46		
du	49	1	48		
elle	49	0	49		
eſt	50	0	50		
pour	53	0	53		
ſe	59	0	59		
car	152	91	61		
Et	173	108	65		
cheualier	67	0	67		
lui	98	30	68		
les	162	93	69		
fait	168	91	77		
roy	78	0	78		
ie	80	0	80		
qui	215	131	84		
en	237	137	100		
⁊	100	0	100		
il	325	221	104		
ne	295	185	110		
que	318	199	119		
vous	123	0	123		
0	834	706	128		
la	316	184	132		
a	402	237	165		
de	412	216	196		
le	242	4	238		
.	612	325	287		
et	722	404	318		
